Transaction Hash,Status,Type,Method ,Block,Age,From,From_NameTag,To,To_NameTag,Amount,Value (USD),Asset,Txn Fee,
0x6d05598cef5604e411c173dca930e31b6ac99fcdd948ddb49748dbd4842528da,Success,ERC-20,Transfer,Transfer,22637983,2 hrs ago,0x628758f7a97eba5d83f21a4f11e2550976007706, Bithumb Routing Wallet #3,0xca5fef2a6ddff242f602a644ecc00ab42ffbbc26,Ultra Treasury (50M+),"121,821.30","$6,274.65",Ultra Token(UOS),0.00009113
0x0bb3d2dc230100b9bc9260d226a75197675d4c6c375b25c51b891f21fb5dfea4,Success,ERC-20,Transfer,Transfer,22635645,10 hrs ago,0xe7884EE779A07f7d9F444b43bCd70ff4F54df67d, ,0xca5fef2a6ddff242f602a644ecc00ab42ffbbc26,Ultra Treasury (50M+),"29,228.41","$1,505.47",Ultra Token(UOS),0.00005451
0x27586180d84a34f92d9e8dc1be363ddc10a7b1a509c42f94a65de1abb3d69b97,Success,ERC-20,Transfer,Transfer,22635635,10 hrs ago,0x0BD49B44bD9A4Db9cB25b5564661Fa1032fF1290, ,0xca5fef2a6ddff242f602a644ecc00ab42ffbbc26,Ultra Treasury (50M+),"19,871.78","$1,023.54",Ultra Token(UOS),0.00005786
0x07b81dbe87bb0fcbddcaa1b3a72d6b2f8653c0ae98e09163f64249d513427b06,Success,ERC-20,Transfer,Transfer,22633253,18 hrs ago,0x4F6795ce2Cd1CDB10d39602D8299a2e6375536e3, ,0xca5fef2a6ddff242f602a644ecc00ab42ffbbc26,Ultra Treasury (50M+),"25,453.23","$1,311.02",Ultra Token(UOS),0.00026431
0x9c82c8b09b0394021de1bef51578b50367dd0a108d2e89995f5accee020f98ff,Success,ERC-20,Transfer,Transfer,22629667,30 hrs ago,0xdd83e1460fb4f50eab1fe50513374b3649c42f1a, Bithumb Treasury Routing Wallet #2,0xca5fef2a6ddff242f602a644ecc00ab42ffbbc26,Ultra Treasury (50M+),"27,531.30","$1,418.05",Ultra Token(UOS),0.00006994
0xb68fc220537d843315d340e22f28951616be0dee5caa2c2cd44576ed542cd4be,Success,ERC-20,Transfer,Transfer,22629665,30 hrs ago,0x628758f7a97eba5d83f21a4f11e2550976007706, Bithumb Routing Wallet #3,0xca5fef2a6ddff242f602a644ecc00ab42ffbbc26,Ultra Treasury (50M+),"49,522.79","$2,550.77",Ultra Token(UOS),0.00007033
0x87b0c06ab5d222c410502fe1008a15e63271f65411bd2f109e2bb05e777b3b64,Success,ERC-20,Transfer,Transfer,22628478,34 hrs ago,0xe7884EE779A07f7d9F444b43bCd70ff4F54df67d, ,0xca5fef2a6ddff242f602a644ecc00ab42ffbbc26,Ultra Treasury (50M+),"66,588.47","$3,429.77",Ultra Token(UOS),0.00006093
0x6311b65703df389b547e0cc102d536e74aa07c6e863d350603fcb85bd9bcaa02,Success,ERC-20,Transfer,Transfer,22628465,34 hrs ago,0x4F6795ce2Cd1CDB10d39602D8299a2e6375536e3, ,0xca5fef2a6ddff242f602a644ecc00ab42ffbbc26,Ultra Treasury (50M+),"65,814.72","$3,389.92",Ultra Token(UOS),0.00006535
0x5d566e3cc48cb3a682630c7ebcb5970a535ba1a8f6ce4498468d9ab346725310,Success,ERC-20,Transfer,Transfer,22624910,46 hrs ago,0xb4669b10d923c2d141f2eccf382bbe06ceedf82b, Bithumb Treasury Routing Wallet,0xca5fef2a6ddff242f602a644ecc00ab42ffbbc26,Ultra Treasury (50M+),"115,854.35","$5,967.31",Ultra Token(UOS),0.00040477
0xe8094118bd606aeca0abe31d54d64926c9d48bb12fa33a7b953149a10122a9d5,Success,ERC-20,Transfer,Transfer,22624903,46 hrs ago,0x5bc838154d7FF270127c1e1b9c53e9111033Fa0B, ,0xca5fef2a6ddff242f602a644ecc00ab42ffbbc26,Ultra Treasury (50M+),"75,184.69","$3,872.54",Ultra Token(UOS),0.0004151
0xd1fbf697dbf0a59a601b6f019201de7174f20fdfc261f947fbd170de05117e42,Success,ERC-20,Transfer,Transfer,22624900,46 hrs ago,0xe072085568bf4FC339E2FAdef56730982411F1C5, ,0xca5fef2a6ddff242f602a644ecc00ab42ffbbc26,Ultra Treasury (50M+),"40,636.07","$2,093.04",Ultra Token(UOS),0.00042671
0x786594fd75b1bcbcca8b2a040b3945c79fa3e7ebf24f1a60b073640c52bd57b6,Success,ERC-20,Transfer,Transfer,22624900,46 hrs ago,0x4F6795ce2Cd1CDB10d39602D8299a2e6375536e3, ,0xca5fef2a6ddff242f602a644ecc00ab42ffbbc26,Ultra Treasury (50M+),"66,369.57","$3,418.50",Ultra Token(UOS),0.00042671
0x4eececdc1f20a77ea3f1f21a4f7f5090c0b6c3b08419378b5a8b558c30e69e10,Success,ERC-20,Transfer,Transfer,22624898,46 hrs ago,0xe85d3aD87c5072f5fDCDaa27a35c7CcD6Cb3a2C3, ,0xca5fef2a6ddff242f602a644ecc00ab42ffbbc26,Ultra Treasury (50M+),"42,980.85","$2,213.81",Ultra Token(UOS),0.00040236
0x7f319b1e0919edcec6f412d7150b28a8415fcb55d73835ca5acb92501fee5ff7,Success,ERC-20,Transfer,Transfer,22624897,46 hrs ago,0x8E002073e706A2A6BD1949bfd17587D10D713896, ,0xca5fef2a6ddff242f602a644ecc00ab42ffbbc26,Ultra Treasury (50M+),"27,813.87","$1,432.61",Ultra Token(UOS),0.00042468
0xb901928c0c17c5ddd68a277c766d5275d9661ca5f6855bd019fd7bb590cee0f0,Success,ERC-20,Transfer,Transfer,22623697,2 days ago,0x628758f7a97eba5d83f21a4f11e2550976007706, Bithumb Routing Wallet #3,0xca5fef2a6ddff242f602a644ecc00ab42ffbbc26,Ultra Treasury (50M+),"33,096.08","$1,704.68",Ultra Token(UOS),0.00009395
0xbed7eb8e837b8443aa0e78201e9f24a99c970c904a1f339b23bfa655e8b1e295,Success,ERC-20,Transfer,Transfer,22618949,2 days ago,0xFCf4d66E2f827a364bf128BA102FbcEc237d8003, ,0xca5fef2a6ddff242f602a644ecc00ab42ffbbc26,Ultra Treasury (50M+),"41,761.06","$2,150.99",Ultra Token(UOS),0.00017893
0x99167b1376b13f78a2fd1f89eb61a2a649e3e011e20e14bbfa1e2766fb0afd8b,Success,ERC-20,Transfer,Transfer,22618947,2 days ago,0xb4669b10d923c2d141f2eccf382bbe06ceedf82b, Bithumb Treasury Routing Wallet,0xca5fef2a6ddff242f602a644ecc00ab42ffbbc26,Ultra Treasury (50M+),"55,449.66","$2,856.05",Ultra Token(UOS),0.00018056
0x347a20827aab788e891fca66ecf9a6c5e3ccdb869823fa31026a8265bb92159d,Success,ERC-20,Transfer,Transfer,22618944,2 days ago,0x4F6795ce2Cd1CDB10d39602D8299a2e6375536e3, ,0xca5fef2a6ddff242f602a644ecc00ab42ffbbc26,Ultra Treasury (50M+),"59,890","$3,084.75",Ultra Token(UOS),0.00017977
0xa9d1034bb1959e230646cdd0ddfc7bb8c90a15ed502aa625dbdf8000da4ffbf6,Success,ERC-20,Transfer,Transfer,22618940,2 days ago,0xdd83e1460fb4f50eab1fe50513374b3649c42f1a, Bithumb Treasury Routing Wallet #2,0xca5fef2a6ddff242f602a644ecc00ab42ffbbc26,Ultra Treasury (50M+),"11,645.92",$599.85,Ultra Token(UOS),0.00017087
0x439ed506529b31e7d010d856803da217957ec07551d8b0cf320a9fe16d4e2d90,Success,ERC-20,Transfer,Transfer,22595138,6 days ago,0x22913eD9413Ec338E15673004B03EfFB9efEa731, ,0xca5fef2a6ddff242f602a644ecc00ab42ffbbc26,Ultra Treasury (50M+),"181,087.64","$9,327.28",Ultra Token(UOS),0.00008448
0xaf82cdf7507ed2d8d8ce0480a510cf9608a0d909949463459f67c6605be46c33,Success,ERC-20,Transfer,Transfer,22595138,6 days ago,0x8E002073e706A2A6BD1949bfd17587D10D713896, ,0xca5fef2a6ddff242f602a644ecc00ab42ffbbc26,Ultra Treasury (50M+),"28,303.27","$1,457.82",Ultra Token(UOS),0.00008448
0xc96d9699be985ffe06c12d35759f91adaadbc92f488d4dea0816775fb97b9390,Success,ERC-20,Transfer,Transfer,22595137,6 days ago,0x2eDC51b333091D0617A3d80A4f98132E74d815eF, ,0xca5fef2a6ddff242f602a644ecc00ab42ffbbc26,Ultra Treasury (50M+),"35,558.97","$1,831.54",Ultra Token(UOS),0.00008431
0xbf9212d71ee420afb4e2a2816b78e718ce877d7d80b029421fd14b7ac4a382fc,Success,ERC-20,Transfer,Transfer,22592545,6 days ago,0xbf801f7e8626564ec6dd0e5da4fbda58bc332e9c,Team Controlled Distribution Wallet,0xca5fef2a6ddff242f602a644ecc00ab42ffbbc26,Ultra Treasury (50M+),"140,000","$7,210.98",Ultra Token(UOS),0.0000567
0x4e805cd3b231848784632b06710821876b8575b6aaa8b5fde03e4c5297d12187,Success,ERC-20,Transfer,Transfer,22592389,6 days ago,0xbf801f7e8626564ec6dd0e5da4fbda58bc332e9c,Team Controlled Distribution Wallet,0xca5fef2a6ddff242f602a644ecc00ab42ffbbc26,Ultra Treasury (50M+),0.001,$0.00,Ultra Token(UOS),0.00007263
0xddd10a3124c0158331fbdccd97c3051177acb8ed34cc40d04c4e7259beca4c5b,Success,ERC-20,Transfer,Transfer,22591553,6 days ago,0x4F6795ce2Cd1CDB10d39602D8299a2e6375536e3, ,0xca5fef2a6ddff242f602a644ecc00ab42ffbbc26,Ultra Treasury (50M+),"89,593.33","$4,614.68",Ultra Token(UOS),0.00009802
0x4db1ed4129ff3ab7cfe95c09d244250629d7311ee0dbbc07bba6a74df9ca4b6d,Success,ERC-20,Transfer,Transfer,22588007,7 days ago,0x0BD49B44bD9A4Db9cB25b5564661Fa1032fF1290, ,0xca5fef2a6ddff242f602a644ecc00ab42ffbbc26,Ultra Treasury (50M+),"59,221.88","$3,050.34",Ultra Token(UOS),0.00009683
0x5054a9f631fdc9dc8268440bf9d15c15042a8803cc779effcc72b8ac35e62314,Success,ERC-20,Transfer,Transfer,22586801,7 days ago,0x628758f7a97eba5d83f21a4f11e2550976007706, Bithumb Routing Wallet #3,0xca5fef2a6ddff242f602a644ecc00ab42ffbbc26,Ultra Treasury (50M+),"156,292.35","$8,050.15",Ultra Token(UOS),0.00008531
0xf881ca0d66b11aebca86a7a8d1f647d29622c74f9fe018c3a46a56b70b4b9d1c,Success,ERC-20,Transfer,Transfer,22586789,7 days ago,0x22913eD9413Ec338E15673004B03EfFB9efEa731, ,0xca5fef2a6ddff242f602a644ecc00ab42ffbbc26,Ultra Treasury (50M+),"27,396.51","$1,411.11",Ultra Token(UOS),0.00008161
0xddc43e99c298f643bb79fedb2ca7d1e7cc7ef05e8ab42d6d583c222e75b34363,Success,ERC-20,Transfer,Transfer,22585244,7 days ago,0xbf801f7e8626564ec6dd0e5da4fbda58bc332e9c,Team Controlled Distribution Wallet,0xca5fef2a6ddff242f602a644ecc00ab42ffbbc26,Ultra Treasury (50M+),"700,000","$36,054.90",Ultra Token(UOS),0.00006116
0x4e03d84723d0d67f90b5865c8557c58b0f565ca98424fbdf1bf9eca211ba4813,Success,ERC-20,Transfer,Transfer,22585208,7 days ago,0xbf801f7e8626564ec6dd0e5da4fbda58bc332e9c,Team Controlled Distribution Wallet,0xca5fef2a6ddff242f602a644ecc00ab42ffbbc26,Ultra Treasury (50M+),0.001,$0.00,Ultra Token(UOS),0.00007019
0x19976bfd7d510ea4146ab080510b4065b4bab99121e93fe2ab3971a725692154,Success,ERC-20,Transfer,Transfer,22582117,7 days ago,0x9f9e47667B5C69321d89C926D51FEe72Bc872534, ,0xca5fef2a6ddff242f602a644ecc00ab42ffbbc26,Ultra Treasury (50M+),"76,153.85","$3,922.46",Ultra Token(UOS),0.00038703
0x3a792f68be01bec0663067a75bc4cc6efcdc5ef0a0b4330a526a6ca9a7473e8e,Success,ERC-20,Transfer,Transfer,22582112,7 days ago,0x4F6795ce2Cd1CDB10d39602D8299a2e6375536e3, ,0xca5fef2a6ddff242f602a644ecc00ab42ffbbc26,Ultra Treasury (50M+),"90,498.31","$4,661.30",Ultra Token(UOS),0.00037081
0x8787be2fea230d6ea614a34f48893606a513a0ff540a4badc9f62502bd86b18b,Success,ERC-20,Transfer,Transfer,22580110,8 days ago,0xbf801f7e8626564ec6dd0e5da4fbda58bc332e9c,Team Controlled Distribution Wallet,0xca5fef2a6ddff242f602a644ecc00ab42ffbbc26,Ultra Treasury (50M+),"500,000","$25,753.50",Ultra Token(UOS),0.00008223
0x282730c9f8c9de8185696791c910048a57f7f51cfba1bba4b527a7155643052a,Success,ERC-20,Transfer,Transfer,22579976,8 days ago,0xbf801f7e8626564ec6dd0e5da4fbda58bc332e9c,Team Controlled Distribution Wallet,0xca5fef2a6ddff242f602a644ecc00ab42ffbbc26,Ultra Treasury (50M+),0.001,$0.00,Ultra Token(UOS),0.00007235
0x9aca944caa1cad2343c991963970a0e352da516d2d30b40e37ae41da39c3d212,Success,ERC-20,Transfer,Transfer,22577270,8 days ago,0x4F6795ce2Cd1CDB10d39602D8299a2e6375536e3, ,0xca5fef2a6ddff242f602a644ecc00ab42ffbbc26,Ultra Treasury (50M+),"26,426.49","$1,361.15",Ultra Token(UOS),0.00008781
0xfc36bebf41ee1a50c1f5d8f95bbca1709761cf99bf0626cdf10a7849fc3e289a,Success,ERC-20,Transfer,Transfer,22576097,8 days ago,0x4F6795ce2Cd1CDB10d39602D8299a2e6375536e3, ,0xca5fef2a6ddff242f602a644ecc00ab42ffbbc26,Ultra Treasury (50M+),"65,053.30","$3,350.70",Ultra Token(UOS),0.00018887
0x3c6b522e0c55e2280c313ce0d27e531f4b66286abb8809ef7eb2e1a5355a5917,Success,ERC-20,Transfer,Transfer,22573307,9 days ago,0xbf801f7e8626564ec6dd0e5da4fbda58bc332e9c,Team Controlled Distribution Wallet,0xca5fef2a6ddff242f602a644ecc00ab42ffbbc26,Ultra Treasury (50M+),"1,000,000","$51,507.00",Ultra Token(UOS),0.0000687
0x80fd1b8c4a2a264491ef5d658721cc55dbc01b398713c98a7705a3e487f38cb9,Success,ERC-20,Transfer,Transfer,22573187,9 days ago,0xbf801f7e8626564ec6dd0e5da4fbda58bc332e9c,Team Controlled Distribution Wallet,0xca5fef2a6ddff242f602a644ecc00ab42ffbbc26,Ultra Treasury (50M+),0.001,$0.00,Ultra Token(UOS),0.00006959
0xdda1ca3dff36924d320aa781d8ecc1b6715976083ec770f0a201c419a97083c9,Success,ERC-20,Transfer,Transfer,22567744,9 days ago,0x4F6795ce2Cd1CDB10d39602D8299a2e6375536e3, ,0xca5fef2a6ddff242f602a644ecc00ab42ffbbc26,Ultra Treasury (50M+),"67,394.02","$3,471.26",Ultra Token(UOS),0.00010127
0x2749a4ca137198ac8a9fa99d33293df032b8b0df8a11ef4999cf5cc74b1330bf,Success,ERC-20,Transfer,Transfer,22566540,10 days ago,0x628758f7a97eba5d83f21a4f11e2550976007706, Bithumb Routing Wallet #3,0xca5fef2a6ddff242f602a644ecc00ab42ffbbc26,Ultra Treasury (50M+),"25,146.11","$1,295.20",Ultra Token(UOS),0.00005878
0x6a0afd8027f39ce916f39d26281fa4d6daf1f342f5157ce6a1f69cc986fdb60f,Success,ERC-20,Transfer,Transfer,22562990,10 days ago,0x22913eD9413Ec338E15673004B03EfFB9efEa731, ,0xca5fef2a6ddff242f602a644ecc00ab42ffbbc26,Ultra Treasury (50M+),"32,583.37","$1,678.27",Ultra Token(UOS),0.00004748
0x07939c4cf6dda8a3bd442643e51e9adf1c3cd182137ffe40d492b1c788515606,Success,ERC-20,Transfer,Transfer,22555848,11 days ago,0xdd83e1460fb4f50eab1fe50513374b3649c42f1a, Bithumb Treasury Routing Wallet #2,0xca5fef2a6ddff242f602a644ecc00ab42ffbbc26,Ultra Treasury (50M+),"15,462.35",$796.42,Ultra Token(UOS),0.0000522
0xdeca780b4e7bdb55de43bf50684b8efe60e006854436022f812db3cc5c0e134d,Success,ERC-20,Transfer,Transfer,22555842,11 days ago,0xb4669b10d923c2d141f2eccf382bbe06ceedf82b, Bithumb Treasury Routing Wallet,0xca5fef2a6ddff242f602a644ecc00ab42ffbbc26,Ultra Treasury (50M+),"283,409.47","$14,597.57",Ultra Token(UOS),0.00004669
0xb9b5ce02da96ed0709eb7c2ff37288b67a4779a2a7d1b3403685acf4335c6b26,Success,ERC-20,Transfer,Transfer,22554674,11 days ago,0xFCf4d66E2f827a364bf128BA102FbcEc237d8003, ,0xca5fef2a6ddff242f602a644ecc00ab42ffbbc26,Ultra Treasury (50M+),"40,537.59","$2,087.97",Ultra Token(UOS),0.00004777
0xde49a5fb9ff57b5bce8aeb1fd9daa9209a783239e12d3d5cde1b3b9565e7872c,Success,ERC-20,Transfer,Transfer,22554664,11 days ago,0x0BD49B44bD9A4Db9cB25b5564661Fa1032fF1290, ,0xca5fef2a6ddff242f602a644ecc00ab42ffbbc26,Ultra Treasury (50M+),"39,623.27","$2,040.88",Ultra Token(UOS),0.00004925
0x8ac52a9dacbd7e1189a8303d04b0db2cc4e107479d15ac64a2731f5e34c30a03,Success,ERC-20,Transfer,Transfer,22554664,11 days ago,0x6Edd04575c5A298c600AbB02c0240f805C637AF9, ,0xca5fef2a6ddff242f602a644ecc00ab42ffbbc26,Ultra Treasury (50M+),"47,141.23","$2,428.10",Ultra Token(UOS),0.00004925
0xf0b9aa2ac36dfc4105006bbda99e66f8b834be799cd5039335dea8fefd027669,Success,ERC-20,Transfer,Transfer,22554664,11 days ago,0x9f13CC0e89F09B08542834E02403F50a325867Fe, ,0xca5fef2a6ddff242f602a644ecc00ab42ffbbc26,Ultra Treasury (50M+),"54,198.65","$2,791.61",Ultra Token(UOS),0.00004925
0x9110e4ef526f389c3b75b6efe23cbcee56b8994afa11c8d6843a1341550bc366,Success,ERC-20,Transfer,Transfer,22554664,11 days ago,0xb7ed1677BFCDDe6e06C84be533745e3D3830B1F3, ,0xca5fef2a6ddff242f602a644ecc00ab42ffbbc26,Ultra Treasury (50M+),730.31,$37.62,Ultra Token(UOS),0.00004923
0xbd3b37063add899016ea4f8125cba535aa12ea903effae6396883acb827aefd1,Success,ERC-20,Transfer,Transfer,22554662,11 days ago,0x5a67d66aF2E0D21A262dB565a802cFB0c80394bE, ,0xca5fef2a6ddff242f602a644ecc00ab42ffbbc26,Ultra Treasury (50M+),"10,886.86",$560.75,Ultra Token(UOS),0.00004874
0xf36a33a0dc3705f3024518b5fe815aed39254e42c2c36b965cd022e3ea08e4b1,Success,ERC-20,Transfer,Transfer,22554661,11 days ago,0x5bc838154d7FF270127c1e1b9c53e9111033Fa0B, ,0xca5fef2a6ddff242f602a644ecc00ab42ffbbc26,Ultra Treasury (50M+),"24,931.71","$1,284.16",Ultra Token(UOS),0.00004971
0x3f2a80f89f3c9c8ca20a4239383f0db3df7b5be5c1d2d141f460ce5516569d6e,Success,ERC-20,Transfer,Transfer,22554660,11 days ago,0x9f9e47667B5C69321d89C926D51FEe72Bc872534, ,0xca5fef2a6ddff242f602a644ecc00ab42ffbbc26,Ultra Treasury (50M+),"34,620.40","$1,783.19",Ultra Token(UOS),0.00004935
0xf6150c32cb86db5f72198381e18928376f14292d63ae4d02b7301ecc458b86a5,Success,ERC-20,Transfer,Transfer,22553478,11 days ago,0x4F6795ce2Cd1CDB10d39602D8299a2e6375536e3, ,0xca5fef2a6ddff242f602a644ecc00ab42ffbbc26,Ultra Treasury (50M+),"81,384.78","$4,191.89",Ultra Token(UOS),0.00006436
0xaa77c1e4f8411e9c6b58201f9390755ff431826eab768652be4e1b68a0f9a003,Success,ERC-20,Transfer,Transfer,22553458,11 days ago,0x719D1fFbc61Be833513348523fbC63694ee2d790, ,0xca5fef2a6ddff242f602a644ecc00ab42ffbbc26,Ultra Treasury (50M+),"28,500","$1,467.95",Ultra Token(UOS),0.0000735
0xd9f9d8fb518de2e584f4cc69f38df5c2913610471d447dc4009544005774fb1d,Success,ERC-20,Transfer,Transfer,22553454,11 days ago,0xE6B419974aba34bdB71F47789f67a4D91CE2fFA4, ,0xca5fef2a6ddff242f602a644ecc00ab42ffbbc26,Ultra Treasury (50M+),"9,374.64",$482.86,Ultra Token(UOS),0.00007596
0x938d34d2b2fe80145733d99cd9e8ed0bbbd5fa908c365257acf5ab16d6e40257,Success,ERC-20,Transfer,Transfer,22552280,12 days ago,0xe85d3aD87c5072f5fDCDaa27a35c7CcD6Cb3a2C3, ,0xca5fef2a6ddff242f602a644ecc00ab42ffbbc26,Ultra Treasury (50M+),"11,596.70",$597.31,Ultra Token(UOS),0.00006092
0xa8418453d16302033f1c6b9d3ca1302c823d76dfcdc54b258d1c87702ca85b63,Success,ERC-20,Transfer,Transfer,22551100,12 days ago,0x628758f7a97eba5d83f21a4f11e2550976007706, Bithumb Routing Wallet #3,0xca5fef2a6ddff242f602a644ecc00ab42ffbbc26,Ultra Treasury (50M+),"40,295.80","$2,075.52",Ultra Token(UOS),0.0000469
0x54a7326ad6130d3734a2d292b5955f82f75205e82ce2e81074d790246b856e52,Success,ERC-20,Transfer,Transfer,22551096,12 days ago,0xb4669b10d923c2d141f2eccf382bbe06ceedf82b, Bithumb Treasury Routing Wallet,0xca5fef2a6ddff242f602a644ecc00ab42ffbbc26,Ultra Treasury (50M+),"1,052,110.13","$54,191.04",Ultra Token(UOS),0.00004712
0xa09447f83d3cbeddbb2fe5b592f56adc24f2aee5277d89bc3a6ab6a83f6aadbe,Success,ERC-20,Transfer,Transfer,22551085,12 days ago,0x0BD49B44bD9A4Db9cB25b5564661Fa1032fF1290, ,0xca5fef2a6ddff242f602a644ecc00ab42ffbbc26,Ultra Treasury (50M+),"53,497.35","$2,755.49",Ultra Token(UOS),0.00004573
0x63698a7f13889bf28319717d08fe982709399f4ac3b3963a1c9ca743e7fd16d2,Success,ERC-20,Transfer,Transfer,22549910,12 days ago,0x0BD49B44bD9A4Db9cB25b5564661Fa1032fF1290, ,0xca5fef2a6ddff242f602a644ecc00ab42ffbbc26,Ultra Treasury (50M+),"113,668.08","$5,854.70",Ultra Token(UOS),0.00004658
0x69a14a27e20830fa2abf304516629abfd622da4daacb130eca7d41eb417f6157,Success,ERC-20,Transfer,Transfer,22549894,12 days ago,0x4F6795ce2Cd1CDB10d39602D8299a2e6375536e3, ,0xca5fef2a6ddff242f602a644ecc00ab42ffbbc26,Ultra Treasury (50M+),"76,264.19","$3,928.14",Ultra Token(UOS),0.00004794
0x4c7c589da00ec13893725cb9487aff0ba32b4460624864e66d62e8534701839d,Success,ERC-20,Transfer,Transfer,22548719,12 days ago,0xFCf4d66E2f827a364bf128BA102FbcEc237d8003, ,0xca5fef2a6ddff242f602a644ecc00ab42ffbbc26,Ultra Treasury (50M+),"41,967","$2,161.59",Ultra Token(UOS),0.00006461
0x6aa9338846af7d880539f83163ff1ab346b8ec427956ad5d697057b072398447,Success,ERC-20,Transfer,Transfer,22548717,12 days ago,0x4F6795ce2Cd1CDB10d39602D8299a2e6375536e3, ,0xca5fef2a6ddff242f602a644ecc00ab42ffbbc26,Ultra Treasury (50M+),"89,954.19","$4,633.27",Ultra Token(UOS),0.0000635
0x870de6415f84b59ffb5fa29cd30f4268a593c514fc9cdcb62fbb46d36fbcb57d,Success,ERC-20,Transfer,Transfer,22548716,12 days ago,0x0BD49B44bD9A4Db9cB25b5564661Fa1032fF1290, ,0xca5fef2a6ddff242f602a644ecc00ab42ffbbc26,Ultra Treasury (50M+),"131,824.56","$6,789.89",Ultra Token(UOS),0.00006558
0xc87c073490290257988be0c84255d4625b7638efdf8f55dbfcb8eb10c658b3f5,Success,ERC-20,Transfer,Transfer,22546345,12 days ago,0x4F6795ce2Cd1CDB10d39602D8299a2e6375536e3, ,0xca5fef2a6ddff242f602a644ecc00ab42ffbbc26,Ultra Treasury (50M+),"58,802.65","$3,028.75",Ultra Token(UOS),0.00014657
0x5076904062599409cf25cce9caa13a2412cfb89c768a919292e16a95f236233c,Success,ERC-20,Transfer,Transfer,22546338,12 days ago,0xb4669b10d923c2d141f2eccf382bbe06ceedf82b, Bithumb Treasury Routing Wallet,0xca5fef2a6ddff242f602a644ecc00ab42ffbbc26,Ultra Treasury (50M+),"473,870.21","$24,407.63",Ultra Token(UOS),0.00013664
0x3a4cc98d6a4ebf79bd45ace6d1e4b8515668abf83355ebd95ad501130f71603d,Success,ERC-20,Transfer,Transfer,22546329,12 days ago,0x0BD49B44bD9A4Db9cB25b5564661Fa1032fF1290, ,0xca5fef2a6ddff242f602a644ecc00ab42ffbbc26,Ultra Treasury (50M+),"124,808.04","$6,428.49",Ultra Token(UOS),0.00013409
0x33608e0df0453393c942169806d7f2f49601c340cf43712647cc56b8fce97670,Success,ERC-20,Transfer,Transfer,22533220,14 days ago,0x0BD49B44bD9A4Db9cB25b5564661Fa1032fF1290, ,0xca5fef2a6ddff242f602a644ecc00ab42ffbbc26,Ultra Treasury (50M+),"114,908","$5,918.57",Ultra Token(UOS),0.00013507
0x9e3eacbd8160a252db934bc4cbf29aba77ae1a568431446074f01b8548d5d4ff,Success,ERC-20,Transfer,Transfer,22533219,14 days ago,0x6889ac487D745Ee7e44C6B442497DE562b0ff28E, ,0xca5fef2a6ddff242f602a644ecc00ab42ffbbc26,Ultra Treasury (50M+),"43,176.07","$2,223.87",Ultra Token(UOS),0.00013153
0xe03ac25e5667e0e45c139e91daec76da6395c0bc410f0f791ded05c3a2b2a106,Success,ERC-20,Transfer,Transfer,22533218,14 days ago,0xe072085568bf4FC339E2FAdef56730982411F1C5, ,0xca5fef2a6ddff242f602a644ecc00ab42ffbbc26,Ultra Treasury (50M+),"56,160.78","$2,892.67",Ultra Token(UOS),0.00013246
0xb293fb93b1bafe2df0a636c5c49b8632dd5dffc76d2ed594709f20b5e9e5a803,Success,ERC-20,Transfer,Transfer,22532140,14 days ago,0x0BD49B44bD9A4Db9cB25b5564661Fa1032fF1290, ,0xca5fef2a6ddff242f602a644ecc00ab42ffbbc26,Ultra Treasury (50M+),"34,429","$1,773.33",Ultra Token(UOS),0.00025593
0x3c2c418409d0459c406e1a0e11f591ac667e8cae95841812a02638672e46ba18,Success,ERC-20,Transfer,Transfer,22521344,16 days ago,0x2eDC51b333091D0617A3d80A4f98132E74d815eF, ,0xca5fef2a6ddff242f602a644ecc00ab42ffbbc26,Ultra Treasury (50M+),"100,044.52","$5,152.99",Ultra Token(UOS),0.00006485
0x802c859640448eb5971931b6082084bf5320c71e2855acf286f1dae94ebcb5d1,Success,ERC-20,Transfer,Transfer,22521340,16 days ago,0x5Ef071Ea0863F4983B187803De7A86D218B45E58, ,0xca5fef2a6ddff242f602a644ecc00ab42ffbbc26,Ultra Treasury (50M+),"14,766.39",$760.57,Ultra Token(UOS),0.00006841
0x6326fb549a0770102c6d2191f64f56dde2f0cd7c2a53aa59b7985f8a751fbcaa,Success,ERC-20,Transfer,Transfer,22521336,16 days ago,0xeCeC5fC62E5378424B974A0e6E4D65893490f8C0, ,0xca5fef2a6ddff242f602a644ecc00ab42ffbbc26,Ultra Treasury (50M+),"14,169.87",$729.85,Ultra Token(UOS),0.00006843
0x48c2d584b295faebf82e6b016f0ecd80f5ba94abc31d5ca30ea84e6da9523d9d,Success,ERC-20,Transfer,Transfer,22521334,16 days ago,0x6889ac487D745Ee7e44C6B442497DE562b0ff28E, ,0xca5fef2a6ddff242f602a644ecc00ab42ffbbc26,Ultra Treasury (50M+),"47,932.20","$2,468.84",Ultra Token(UOS),0.00007185
0x4a0978a2bd86c1f753aaff0fba6598708e5b680883a8aac43b2e322c77ce2952,Success,ERC-20,Transfer,Transfer,22521331,16 days ago,0x22913eD9413Ec338E15673004B03EfFB9efEa731, ,0xca5fef2a6ddff242f602a644ecc00ab42ffbbc26,Ultra Treasury (50M+),"69,273.10","$3,568.05",Ultra Token(UOS),0.00007284
0x445a5c6c43c543169a605a51e5be5d827790657e77e557d67589d1e9cb01044a,Success,ERC-20,Transfer,Transfer,22521330,16 days ago,0xb4669b10d923c2d141f2eccf382bbe06ceedf82b, Bithumb Treasury Routing Wallet,0xca5fef2a6ddff242f602a644ecc00ab42ffbbc26,Ultra Treasury (50M+),"43,324.36","$2,231.51",Ultra Token(UOS),0.00007212
0x186d0084385ab2535526d157ccaa3bbb84ad5dc7a1d60955c26ab76c25a3d2c5,Success,ERC-20,Transfer,Transfer,22518985,16 days ago,0x6889ac487D745Ee7e44C6B442497DE562b0ff28E, ,0xca5fef2a6ddff242f602a644ecc00ab42ffbbc26,Ultra Treasury (50M+),"50,625.79","$2,607.58",Ultra Token(UOS),0.00008643
0x2026c2a7779b52a2cbc5440d69e80e590efd003ce0247af17cc5ad7c582f6e9e,Success,ERC-20,Transfer,Transfer,22518976,16 days ago,0x5bc838154d7FF270127c1e1b9c53e9111033Fa0B, ,0xca5fef2a6ddff242f602a644ecc00ab42ffbbc26,Ultra Treasury (50M+),"25,348.87","$1,305.64",Ultra Token(UOS),0.00008332
0x26eb3bdf4a03f3e2c638e376acf1c8f2e367157af2260e81126d2cf1fae8157e,Success,ERC-20,Transfer,Transfer,22518975,16 days ago,0x5a67d66aF2E0D21A262dB565a802cFB0c80394bE, ,0xca5fef2a6ddff242f602a644ecc00ab42ffbbc26,Ultra Treasury (50M+),"33,741.18","$1,737.91",Ultra Token(UOS),0.00008344
0x94843e5f9dbb2b14314843f6349e00e51395f250817d2eb4131766654f3c5be0,Success,ERC-20,Transfer,Transfer,22518955,16 days ago,0xe072085568bf4FC339E2FAdef56730982411F1C5, ,0xca5fef2a6ddff242f602a644ecc00ab42ffbbc26,Ultra Treasury (50M+),"45,259.93","$2,331.20",Ultra Token(UOS),0.00007098
0xdf875806710f7de3e4b2d6096e16cc644775614216d61a8f5f913fe1a81f46f9,Success,ERC-20,Transfer,Transfer,22518955,16 days ago,0x5Ef071Ea0863F4983B187803De7A86D218B45E58, ,0xca5fef2a6ddff242f602a644ecc00ab42ffbbc26,Ultra Treasury (50M+),"33,186.08","$1,709.32",Ultra Token(UOS),0.00007098
0x47b0894780e18797625f97cf95bbc6ba3bc7cd821ef43dc54fc1d03fa9e29a5d,Success,ERC-20,Transfer,Transfer,22518955,16 days ago,0xdd83e1460fb4f50eab1fe50513374b3649c42f1a, Bithumb Treasury Routing Wallet #2,0xca5fef2a6ddff242f602a644ecc00ab42ffbbc26,Ultra Treasury (50M+),"62,135.37","$3,200.41",Ultra Token(UOS),0.00007098
0x103aa16a3daa52388bebea32276a4e007a32cb551d48d24c5b8dcfd4bf124ff5,Success,ERC-20,Transfer,Transfer,22518955,16 days ago,0xb4669b10d923c2d141f2eccf382bbe06ceedf82b, Bithumb Treasury Routing Wallet,0xca5fef2a6ddff242f602a644ecc00ab42ffbbc26,Ultra Treasury (50M+),"44,948.22","$2,315.15",Ultra Token(UOS),0.00007098
0x0b5e8d68dbda607074d30185f73ec550651373138afef03602e35428f5fb835e,Success,ERC-20,Transfer,Transfer,22518953,16 days ago,0x15bA20E2b5fD117ca2dbD8D94c07f037e5eb3364, ,0xca5fef2a6ddff242f602a644ecc00ab42ffbbc26,Ultra Treasury (50M+),"12,702.04",$654.24,Ultra Token(UOS),0.00006987
0x460984ff09482f90b57331be9ffe58ea3e6e6a302f33e960304fc0f6b833a896,Success,ERC-20,Transfer,Transfer,22518950,16 days ago,0x2fa0272d02b35674F3596f8c40F78d269a02284a, ,0xca5fef2a6ddff242f602a644ecc00ab42ffbbc26,Ultra Treasury (50M+),"61,875.54","$3,187.02",Ultra Token(UOS),0.00006785
0x00c51da7d1ba4a9dd5e191f0bac5f5f74dcf6b548a4cde72d9655c7e8be4ebc7,Success,ERC-20,Transfer,Transfer,22514209,17 days ago,0x0BD49B44bD9A4Db9cB25b5564661Fa1032fF1290, ,0xca5fef2a6ddff242f602a644ecc00ab42ffbbc26,Ultra Treasury (50M+),"14,547.18",$749.28,Ultra Token(UOS),0.00004986
0x57aeb19690d1ea2155a25de6c04083e1578dfe027f4e6c15465e0769310a56fc,Success,ERC-20,Transfer,Transfer,22511848,17 days ago,0x8E002073e706A2A6BD1949bfd17587D10D713896, ,0xca5fef2a6ddff242f602a644ecc00ab42ffbbc26,Ultra Treasury (50M+),"13,808.51",$711.24,Ultra Token(UOS),0.00005464
0x1364ea12e951e1cd5dd98f05e798c27aa6e15f138845ac6d54d532d627b88787,Success,ERC-20,Transfer,Transfer,22511843,17 days ago,0xFCf4d66E2f827a364bf128BA102FbcEc237d8003, ,0xca5fef2a6ddff242f602a644ecc00ab42ffbbc26,Ultra Treasury (50M+),"42,084.56","$2,167.65",Ultra Token(UOS),0.00005562
0xf32083e8a74cd29280fc2cd35629c2f7f0ac4e53ff977416537544bd1ba28d30,Success,ERC-20,Transfer,Transfer,22510675,17 days ago,0x0BD49B44bD9A4Db9cB25b5564661Fa1032fF1290, ,0xca5fef2a6ddff242f602a644ecc00ab42ffbbc26,Ultra Treasury (50M+),"21,428","$1,103.69",Ultra Token(UOS),0.00008616
0x90fe770c887fdf700579e9dfb7db6eacadbca7ae6450f1a0842eb53b373bcee4,Success,ERC-20,Transfer,Transfer,22510667,17 days ago,0x719D1fFbc61Be833513348523fbC63694ee2d790, ,0xca5fef2a6ddff242f602a644ecc00ab42ffbbc26,Ultra Treasury (50M+),"30,000","$1,545.21",Ultra Token(UOS),0.0000914
0xa42fa9913d9659f1a3c892726e39a0f8364e7632d36dcad38f124cec42a93179,Success,ERC-20,Transfer,Transfer,22509473,18 days ago,0xFCf4d66E2f827a364bf128BA102FbcEc237d8003, ,0xca5fef2a6ddff242f602a644ecc00ab42ffbbc26,Ultra Treasury (50M+),"42,208","$2,174.01",Ultra Token(UOS),0.00004496
0xa50d2bcda08addbaf4eeb721adec8c70cc8a554553c692bfa1cc645071502e9d,Success,ERC-20,Transfer,Transfer,22509472,18 days ago,0x22913eD9413Ec338E15673004B03EfFB9efEa731, ,0xca5fef2a6ddff242f602a644ecc00ab42ffbbc26,Ultra Treasury (50M+),"64,057.18","$3,299.39",Ultra Token(UOS),0.00004522
0xebc824fbcb2cd84294b70f5086fc86747de88820a0eae1b3d47815fce0e37d9a,Success,ERC-20,Transfer,Transfer,22509455,18 days ago,0x8E002073e706A2A6BD1949bfd17587D10D713896, ,0xca5fef2a6ddff242f602a644ecc00ab42ffbbc26,Ultra Treasury (50M+),"28,297.55","$1,457.52",Ultra Token(UOS),0.00004522
0x0df3fe805a848f296425641ff6de9532302053d1f341ae239cffb288b3edee35,Success,ERC-20,Transfer,Transfer,22504716,18 days ago,0x22913eD9413Ec338E15673004B03EfFB9efEa731, ,0xca5fef2a6ddff242f602a644ecc00ab42ffbbc26,Ultra Treasury (50M+),"45,996.09","$2,369.12",Ultra Token(UOS),0.00004985
0x22b7768166d367a4043619f81da3c78b68e65ce46306a42273167405a3bda9c3,Success,ERC-20,Transfer,Transfer,22504716,18 days ago,0x6889ac487D745Ee7e44C6B442497DE562b0ff28E, ,0xca5fef2a6ddff242f602a644ecc00ab42ffbbc26,Ultra Treasury (50M+),"40,385.04","$2,080.11",Ultra Token(UOS),0.00004985
0x95a9631d368bdb5477f06f1e1a6f717caa4caf02df119c072bb3b29056f7d010,Success,ERC-20,Transfer,Transfer,22504716,18 days ago,0xe072085568bf4FC339E2FAdef56730982411F1C5, ,0xca5fef2a6ddff242f602a644ecc00ab42ffbbc26,Ultra Treasury (50M+),"25,875.51","$1,332.77",Ultra Token(UOS),0.00004985
0x6b273bd60426ecf09f62b76ceed91999b0245178ceef8ceb7c83963d1febf4d3,Success,ERC-20,Transfer,Transfer,22504699,18 days ago,0xb4669b10d923c2d141f2eccf382bbe06ceedf82b, Bithumb Treasury Routing Wallet,0xca5fef2a6ddff242f602a644ecc00ab42ffbbc26,Ultra Treasury (50M+),"141,378.80","$7,282.00",Ultra Token(UOS),0.00005036
0x98260723ab218b5418b52cfbd1d556bfbc8eb3afe143027999b1f30b95987b13,Success,ERC-20,Transfer,Transfer,22504698,18 days ago,0xdd83e1460fb4f50eab1fe50513374b3649c42f1a, Bithumb Treasury Routing Wallet #2,0xca5fef2a6ddff242f602a644ecc00ab42ffbbc26,Ultra Treasury (50M+),"52,108.41","$2,683.95",Ultra Token(UOS),0.00005016
0x90b452001c3050de35c22d6b0fd7a85e2ccf0485283cef5addb0c28db23aa868,Success,ERC-20,Transfer,Transfer,22503609,18 days ago,0x6Edd04575c5A298c600AbB02c0240f805C637AF9, ,0xca5fef2a6ddff242f602a644ecc00ab42ffbbc26,Ultra Treasury (50M+),"43,829.18","$2,257.51",Ultra Token(UOS),0.00005554
0x5127d569b9d1076f5a234dc5dc0f79e533576b087e0f3083d453847b1e4ad791,Success,ERC-20,Transfer,Transfer,22503539,18 days ago,0x22913eD9413Ec338E15673004B03EfFB9efEa731, ,0xca5fef2a6ddff242f602a644ecc00ab42ffbbc26,Ultra Treasury (50M+),"67,418.59","$3,472.53",Ultra Token(UOS),0.00005414
0xdf2c6f5cd5e90cd2ba2e84e2d38e7a71e18ec92e130eedec99521f36927888c8,Success,ERC-20,Transfer,Transfer,22503534,18 days ago,0x2eDC51b333091D0617A3d80A4f98132E74d815eF, ,0xca5fef2a6ddff242f602a644ecc00ab42ffbbc26,Ultra Treasury (50M+),"41,529.16","$2,139.04",Ultra Token(UOS),0.00005694
0x88ef262234e78759f4a26a8561b7eb0eff0f0b33b92167f12d9c9651feedd86a,Success,ERC-20,Transfer,Transfer,22503532,18 days ago,0x243B2b06F454fC7EBc4926DD9Ac8084b2Aa972ED, ,0xca5fef2a6ddff242f602a644ecc00ab42ffbbc26,Ultra Treasury (50M+),"7,985.91",$411.33,Ultra Token(UOS),0.00005743
0xb0d530c6e753656c57d533f7c99bdc75fcbecc3d6d3c5260098344cc3246b0ec,Success,ERC-20,Transfer,Transfer,22501170,19 days ago,0x0BD49B44bD9A4Db9cB25b5564661Fa1032fF1290, ,0xca5fef2a6ddff242f602a644ecc00ab42ffbbc26,Ultra Treasury (50M+),"20,301","$1,045.64",Ultra Token(UOS),0.00005206
0xf6fa1e9ac286cb127f9b52d903049a653ca6118759ecce7e047924e2de5c4429,Success,ERC-20,Transfer,Transfer,22501170,19 days ago,0xA4F92722759F511190DffB25BE2603db22136A05, ,0xca5fef2a6ddff242f602a644ecc00ab42ffbbc26,Ultra Treasury (50M+),"163,374.01","$8,414.91",Ultra Token(UOS),0.00005206
0xef2d173801408fee6fa843fe05906ec4b475a6ec0a14f7b0a8a5f357b82e55c0,Success,ERC-20,Transfer,Transfer,22501168,19 days ago,0x5Ef071Ea0863F4983B187803De7A86D218B45E58, ,0xca5fef2a6ddff242f602a644ecc00ab42ffbbc26,Ultra Treasury (50M+),"13,033.08",$671.29,Ultra Token(UOS),0.00005068
0x83c5cc529e30ac394ccbee451627457d606afe0ed81b5a9e7ef933622160131d,Success,ERC-20,Transfer,Transfer,22501167,19 days ago,0x5bc838154d7FF270127c1e1b9c53e9111033Fa0B, ,0xca5fef2a6ddff242f602a644ecc00ab42ffbbc26,Ultra Treasury (50M+),"9,868.49",$508.30,Ultra Token(UOS),0.00004941
0x3db3a4579edb40b8a9826331dc56187392076e3277ab2e8041bbfd0bd6ae272e,Success,ERC-20,Transfer,Transfer,22501160,19 days ago,0xe072085568bf4FC339E2FAdef56730982411F1C5, ,0xca5fef2a6ddff242f602a644ecc00ab42ffbbc26,Ultra Treasury (50M+),"92,365.24","$4,757.46",Ultra Token(UOS),0.00005049
0xc6eb35142722380cfa3a4395a3f9ba2f0ed0866e8a9fdfcaec214b336386cdb6,Success,ERC-20,Transfer,Transfer,22501155,19 days ago,0x719D1fFbc61Be833513348523fbC63694ee2d790, ,0xca5fef2a6ddff242f602a644ecc00ab42ffbbc26,Ultra Treasury (50M+),"27,000","$1,390.69",Ultra Token(UOS),0.00005245
0x5026d5f2df4ca18700595c7db9422a63da16a1a295f0ad3c1d580d20948c33ab,Success,ERC-20,Transfer,Transfer,22501150,19 days ago,0x22913eD9413Ec338E15673004B03EfFB9efEa731, ,0xca5fef2a6ddff242f602a644ecc00ab42ffbbc26,Ultra Treasury (50M+),"65,457.46","$3,371.52",Ultra Token(UOS),0.00004974
0x903be9c4369864c6f4107a5d13f69a5a9326207ac63460a1b79c85b2918cb1a8,Success,ERC-20,Transfer,Transfer,22501150,19 days ago,0x628758f7a97eba5d83f21a4f11e2550976007706, Bithumb Routing Wallet #3,0xca5fef2a6ddff242f602a644ecc00ab42ffbbc26,Ultra Treasury (50M+),"44,779.90","$2,306.48",Ultra Token(UOS),0.00004974
0x5ea870cf23023bcc93b2a2008837cfd05dd2df8f10e0a5b846287c95b5d7f05d,Success,ERC-20,Transfer,Transfer,22501141,19 days ago,0x5a67d66aF2E0D21A262dB565a802cFB0c80394bE, ,0xca5fef2a6ddff242f602a644ecc00ab42ffbbc26,Ultra Treasury (50M+),"75,992.18","$3,914.13",Ultra Token(UOS),0.00004936
0x88f816a76405dbcea464eb71ae6e1d79c4b8159635174367ffff7249d8b36d38,Success,ERC-20,Transfer,Transfer,22501140,19 days ago,0xb7ed1677BFCDDe6e06C84be533745e3D3830B1F3, ,0xca5fef2a6ddff242f602a644ecc00ab42ffbbc26,Ultra Treasury (50M+),"21,040.75","$1,083.75",Ultra Token(UOS),0.00004936
0x9a08f12e24a52fa42befffa3043ac2be40aaecbbaec698aed45d9c9cb3165d22,Success,ERC-20,Transfer,Transfer,22501133,19 days ago,0xb4669b10d923c2d141f2eccf382bbe06ceedf82b, Bithumb Treasury Routing Wallet,0xca5fef2a6ddff242f602a644ecc00ab42ffbbc26,Ultra Treasury (50M+),"73,092.00","$3,764.75",Ultra Token(UOS),0.00005179
0xb251029973e2fdcc62482524347bb402f707eabd329a9d92dcbab76335647f09,Success,ERC-20,Transfer,Transfer,22499975,19 days ago,0x5a67d66aF2E0D21A262dB565a802cFB0c80394bE, ,0xca5fef2a6ddff242f602a644ecc00ab42ffbbc26,Ultra Treasury (50M+),"72,869.23","$3,753.28",Ultra Token(UOS),0.00006175
0x09987f07049ae86fcbc34831e3300c53a565fe2d5b577ff6b38788cfd68da618,Success,ERC-20,Transfer,Transfer,22499963,19 days ago,0x719D1fFbc61Be833513348523fbC63694ee2d790, ,0xca5fef2a6ddff242f602a644ecc00ab42ffbbc26,Ultra Treasury (50M+),"65,000","$3,347.96",Ultra Token(UOS),0.00006261
0xccb055a293749a25f9556969fcd8ccf905107cb4f402f405dd91b0cf8d0d7d32,Success,ERC-20,Transfer,Transfer,22498787,19 days ago,0xe2b31fF1aBd86AA91173a1e84f0f5359CE3a5C72, ,0xca5fef2a6ddff242f602a644ecc00ab42ffbbc26,Ultra Treasury (50M+),"292,572","$15,069.51",Ultra Token(UOS),0.00006696
0x53795ae65c619d7ef940b082d3bb881aff2f5fe0fe24ad53d7a83604923354e3,Success,ERC-20,Transfer,Transfer,22498785,19 days ago,0x719D1fFbc61Be833513348523fbC63694ee2d790, ,0xca5fef2a6ddff242f602a644ecc00ab42ffbbc26,Ultra Treasury (50M+),"21,000","$1,081.65",Ultra Token(UOS),0.00006611
0xe7cd6663fcbd462ae4b2efc9df332756f4b4bc0d5f545bd32b805ea3fe2940fa,Success,ERC-20,Transfer,Transfer,22498784,19 days ago,0x5a67d66aF2E0D21A262dB565a802cFB0c80394bE, ,0xca5fef2a6ddff242f602a644ecc00ab42ffbbc26,Ultra Treasury (50M+),"20,753.46","$1,068.95",Ultra Token(UOS),0.00006788
0x74cd536a350aed2d4445b928ff18b4e9f5f3582e503ff0dc38a0d09d01089a94,Success,ERC-20,Transfer,Transfer,22498777,19 days ago,0xb7ed1677BFCDDe6e06C84be533745e3D3830B1F3, ,0xca5fef2a6ddff242f602a644ecc00ab42ffbbc26,Ultra Treasury (50M+),"40,791.78","$2,101.06",Ultra Token(UOS),0.00007194
0x1856af538863b052d13739686060ff9582ccad1235a3098bb2ba594687dc1d93,Success,ERC-20,Transfer,Transfer,22498772,19 days ago,0x5bc838154d7FF270127c1e1b9c53e9111033Fa0B, ,0xca5fef2a6ddff242f602a644ecc00ab42ffbbc26,Ultra Treasury (50M+),"27,186.59","$1,400.30",Ultra Token(UOS),0.00007208
0x5308cf664dd48a3e46a53b295aa4c1435c17dbe2ec453aee2ecc87478d1fb38c,Success,ERC-20,Transfer,Transfer,22498761,19 days ago,0xb4669b10d923c2d141f2eccf382bbe06ceedf82b, Bithumb Treasury Routing Wallet,0xca5fef2a6ddff242f602a644ecc00ab42ffbbc26,Ultra Treasury (50M+),"42,266.83","$2,177.04",Ultra Token(UOS),0.00006866
0x8c55b73964a4ffdc637fab9d6cffa977a70aea55f7713e9fd6460cb23366ee01,Success,ERC-20,Transfer,Transfer,22497586,19 days ago,0xb7ed1677BFCDDe6e06C84be533745e3D3830B1F3, ,0xca5fef2a6ddff242f602a644ecc00ab42ffbbc26,Ultra Treasury (50M+),"20,707.33","$1,066.57",Ultra Token(UOS),0.00027633
0x2e6c11b6f5cc37b89e02d14e7ef24d57260dba3ab7e293590f0e79778953e580,Success,ERC-20,Transfer,Transfer,22497582,19 days ago,0xA4F92722759F511190DffB25BE2603db22136A05, ,0xca5fef2a6ddff242f602a644ecc00ab42ffbbc26,Ultra Treasury (50M+),"162,966.18","$8,393.90",Ultra Token(UOS),0.00027293
0x8a832f7a8d2f9bfd21a73952e5f9591102341ea5136daaa910311f2841737053,Success,ERC-20,Transfer,Transfer,22497581,19 days ago,0x2eDC51b333091D0617A3d80A4f98132E74d815eF, ,0xca5fef2a6ddff242f602a644ecc00ab42ffbbc26,Ultra Treasury (50M+),"27,123.62","$1,397.06",Ultra Token(UOS),0.00027372
0x42d924cbb8ade1d39cca286b72071be244b4f9bfb52b832556fa15fe94ab1096,Success,ERC-20,Transfer,Transfer,22497581,19 days ago,0xF71CBFdE2C4553361dDEd8Efd245400002692fC2, ,0xca5fef2a6ddff242f602a644ecc00ab42ffbbc26,Ultra Treasury (50M+),"47,399.15","$2,441.39",Ultra Token(UOS),0.00027372
0x8e38c5cb965243b7f6436ce47e622e046ee89fb7dd4ccd39be3537f29ef6a22b,Success,ERC-20,Transfer,Transfer,22497578,19 days ago,0x322eE13b482fd7Cbc1D785b7d785f170CE4d338B, ,0xca5fef2a6ddff242f602a644ecc00ab42ffbbc26,Ultra Treasury (50M+),"37,529","$1,933.01",Ultra Token(UOS),0.0002884
0xc630d5d62d9b981e501567b9904323861a8c20f73ac292881dbecf40dbc7b810,Success,ERC-20,Transfer,Transfer,22497576,19 days ago,0xe072085568bf4FC339E2FAdef56730982411F1C5, ,0xca5fef2a6ddff242f602a644ecc00ab42ffbbc26,Ultra Treasury (50M+),"113,955.06","$5,869.48",Ultra Token(UOS),0.00027929
0x13d442a71dd7c0cb3ca375d7c9fa57e780af184edcadf77cc3614312f40f5077,Success,ERC-20,Transfer,Transfer,22497576,19 days ago,0x22913eD9413Ec338E15673004B03EfFB9efEa731, ,0xca5fef2a6ddff242f602a644ecc00ab42ffbbc26,Ultra Treasury (50M+),"82,814.85","$4,265.54",Ultra Token(UOS),0.00027929
0xb326b21e493da11d601fa6ee977b40dcac909be906a5ad90f925d16822adb334,Success,ERC-20,Transfer,Transfer,22497576,19 days ago,0xb4669b10d923c2d141f2eccf382bbe06ceedf82b, Bithumb Treasury Routing Wallet,0xca5fef2a6ddff242f602a644ecc00ab42ffbbc26,Ultra Treasury (50M+),"501,763.51","$25,844.33",Ultra Token(UOS),0.00027939
0x0ea94386c68eb9e47f7044cd655a75f25ecb33597929ec0c8529ce327a2fdc3e,Success,ERC-20,Transfer,Transfer,22495288,20 days ago,0x5cD0d27c2B0D29D08c5Eb8660fE78517BAF6c201, ,0xca5fef2a6ddff242f602a644ecc00ab42ffbbc26,Ultra Treasury (50M+),"30,646.04","$1,578.49",Ultra Token(UOS),0.00009462
0x1132325cb76bc7dc9714f11f7302cb05ea6b28398eff0c6d601924c8364e6ba8,Success,ERC-20,Transfer,Transfer,22495283,20 days ago,0x719D1fFbc61Be833513348523fbC63694ee2d790, ,0xca5fef2a6ddff242f602a644ecc00ab42ffbbc26,Ultra Treasury (50M+),"70,000","$3,605.49",Ultra Token(UOS),0.000098
0x0bcc0a84499bb7dade41088ff9b3be9ad3196f0f617d3759c8029ed5cfdff4a5,Success,ERC-20,Transfer,Transfer,22491651,20 days ago,0xb4669b10d923c2d141f2eccf382bbe06ceedf82b, Bithumb Treasury Routing Wallet,0xca5fef2a6ddff242f602a644ecc00ab42ffbbc26,Ultra Treasury (50M+),"46,805.91","$2,410.83",Ultra Token(UOS),0.00008127
0xe6af96d586b2562fbfc6f6bb43c9e1d41dbb3d925eb6e6288280decfb910975b,Success,ERC-20,Transfer,Transfer,22490495,20 days ago,0xE6B419974aba34bdB71F47789f67a4D91CE2fFA4, ,0xca5fef2a6ddff242f602a644ecc00ab42ffbbc26,Ultra Treasury (50M+),232.937,$12.00,Ultra Token(UOS),0.00011833
0x66524a25ea044792fecb868e8e558780bb4c542ae8916e4673a55f588582434b,Success,ERC-20,Transfer,Transfer,22490485,20 days ago,0xe85d3aD87c5072f5fDCDaa27a35c7CcD6Cb3a2C3, ,0xca5fef2a6ddff242f602a644ecc00ab42ffbbc26,Ultra Treasury (50M+),"23,283.40","$1,199.26",Ultra Token(UOS),0.00010925
0x6963b04b642cbcbe64d9d8290004378989a2b3ab4f06c1240282e58b4710cd45,Success,ERC-20,Transfer,Transfer,22489286,20 days ago,0xe072085568bf4FC339E2FAdef56730982411F1C5, ,0xca5fef2a6ddff242f602a644ecc00ab42ffbbc26,Ultra Treasury (50M+),"92,798.16","$4,779.75",Ultra Token(UOS),0.00025491
0x39a5fe06832f1217b947aa4c27b72ef71777681d18cb17322ac5ffdc226718e6,Success,ERC-20,Transfer,Transfer,22489285,20 days ago,0x628758f7a97eba5d83f21a4f11e2550976007706, Bithumb Routing Wallet #3,0xca5fef2a6ddff242f602a644ecc00ab42ffbbc26,Ultra Treasury (50M+),"104,209.26","$5,367.51",Ultra Token(UOS),0.00025134
0x2cac21b7b06dfdba5dbd4f2303539db212ac8667b3b939884086d4530ebb09ca,Success,ERC-20,Transfer,Transfer,22479791,22 days ago,0x628758f7a97eba5d83f21a4f11e2550976007706, Bithumb Routing Wallet #3,0xca5fef2a6ddff242f602a644ecc00ab42ffbbc26,Ultra Treasury (50M+),"56,080.19","$2,888.52",Ultra Token(UOS),0.00006079
0x9587c38dadb23c7b9aa0efbea2dff33518ceb38625efdd0ce9284150a02f7552,Success,ERC-20,Transfer,Transfer,22479788,22 days ago,0x719D1fFbc61Be833513348523fbC63694ee2d790, ,0xca5fef2a6ddff242f602a644ecc00ab42ffbbc26,Ultra Treasury (50M+),"35,750","$1,841.38",Ultra Token(UOS),0.00005732
0x8c4f5badfa3feb4f8962b1fb27e28becdc35d0550e57bf87669d9109e102ca18,Success,ERC-20,Transfer,Transfer,22478608,22 days ago,0xb4669b10d923c2d141f2eccf382bbe06ceedf82b, Bithumb Treasury Routing Wallet,0xca5fef2a6ddff242f602a644ecc00ab42ffbbc26,Ultra Treasury (50M+),"13,574.10",$699.16,Ultra Token(UOS),0.00008004
0x523eff5efc83914293bfb156c38f8d3c92577285c0ca66deb5dbd087f146aca0,Success,ERC-20,Transfer,Transfer,22477438,22 days ago,0xb4669b10d923c2d141f2eccf382bbe06ceedf82b, Bithumb Treasury Routing Wallet,0xca5fef2a6ddff242f602a644ecc00ab42ffbbc26,Ultra Treasury (50M+),"66,569.80","$3,428.81",Ultra Token(UOS),0.0000927
0x6dc07378e9457cd33c14e8d9e977aad02d7014defe2dcdbd00529e8553f9101e,Success,ERC-20,Transfer,Transfer,22476253,22 days ago,0x2eDC51b333091D0617A3d80A4f98132E74d815eF, ,0xca5fef2a6ddff242f602a644ecc00ab42ffbbc26,Ultra Treasury (50M+),"37,055.85","$1,908.64",Ultra Token(UOS),0.00045053
0x094bf7809a43b52f23a517ac162f20faf0aa530df47d14d4c934020296d18266,Success,ERC-20,Transfer,Transfer,22476241,22 days ago,0x4F6795ce2Cd1CDB10d39602D8299a2e6375536e3, ,0xca5fef2a6ddff242f602a644ecc00ab42ffbbc26,Ultra Treasury (50M+),"44,890","$2,312.15",Ultra Token(UOS),0.0004426
0x8a170e66414a38d3cb42342f15ee145dfb0c80fc915f1700a639a9d5df54d076,Success,ERC-20,Transfer,Transfer,22476240,22 days ago,0x9f9e47667B5C69321d89C926D51FEe72Bc872534, ,0xca5fef2a6ddff242f602a644ecc00ab42ffbbc26,Ultra Treasury (50M+),"34,705.54","$1,787.58",Ultra Token(UOS),0.00042405
0xc9dff7d46cabd0ab949ac43afa6105a17a053f2c157b6c95320b05eecf3864fe,Success,ERC-20,Transfer,Transfer,22476240,22 days ago,0x243B2b06F454fC7EBc4926DD9Ac8084b2Aa972ED, ,0xca5fef2a6ddff242f602a644ecc00ab42ffbbc26,Ultra Treasury (50M+),"7,985.03",$411.28,Ultra Token(UOS),0.00042405
0x0614c739c3b77808b795480bb5df38a47698c228965d51185dc0b8a9dad23073,Success,ERC-20,Transfer,Transfer,22476239,22 days ago,0x22913eD9413Ec338E15673004B03EfFB9efEa731, ,0xca5fef2a6ddff242f602a644ecc00ab42ffbbc26,Ultra Treasury (50M+),"45,879.60","$2,363.12",Ultra Token(UOS),0.00043427
0x9c4cbd10655298e872dc07a07eb36e224f67f8750fb66ad586c5df5b70f0aa2c,Success,ERC-20,Transfer,Transfer,22476235,22 days ago,0xdd83e1460fb4f50eab1fe50513374b3649c42f1a, Bithumb Treasury Routing Wallet #2,0xca5fef2a6ddff242f602a644ecc00ab42ffbbc26,Ultra Treasury (50M+),"42,135.74","$2,170.29",Ultra Token(UOS),0.00041276
0x9f6157f2b138c86d26d7951190352a2dc285c0d4c58c57ed01376ca58cf213eb,Success,ERC-20,Transfer,Transfer,22473927,23 days ago,0x4F6795ce2Cd1CDB10d39602D8299a2e6375536e3, ,0xca5fef2a6ddff242f602a644ecc00ab42ffbbc26,Ultra Treasury (50M+),"78,107.72","$4,023.09",Ultra Token(UOS),0.00008074
0xeb94861a07b4d466e7d5e2db4c10d86b377bcf4bad1eff4da7e11c5fe12151ad,Success,ERC-20,Transfer,Transfer,22473925,23 days ago,0x8E002073e706A2A6BD1949bfd17587D10D713896, ,0xca5fef2a6ddff242f602a644ecc00ab42ffbbc26,Ultra Treasury (50M+),"14,693.25",$756.81,Ultra Token(UOS),0.00007995
0x305a91c9d587397e4421094bdf65210d3236d7ad046092b5e63d7afd975ffba1,Success,ERC-20,Transfer,Transfer,22471510,23 days ago,0xe072085568bf4FC339E2FAdef56730982411F1C5, ,0xca5fef2a6ddff242f602a644ecc00ab42ffbbc26,Ultra Treasury (50M+),"75,273.61","$3,877.12",Ultra Token(UOS),0.00007039
0xac11e280dd336e720796e6adef7ac03e1a7d75881216455e94e40263b4b4a743,Success,ERC-20,Transfer,Transfer,22470332,23 days ago,0x2eDC51b333091D0617A3d80A4f98132E74d815eF, ,0xca5fef2a6ddff242f602a644ecc00ab42ffbbc26,Ultra Treasury (50M+),"26,325.07","$1,355.93",Ultra Token(UOS),0.00006423
0x95b36d3faff2efd5159aaab5b90fa56c2baf389489978b931dcea5ac11fe2c3f,Success,ERC-20,Transfer,Transfer,22470331,23 days ago,0x2fa0272d02b35674F3596f8c40F78d269a02284a, ,0xca5fef2a6ddff242f602a644ecc00ab42ffbbc26,Ultra Treasury (50M+),"97,206.98","$5,006.84",Ultra Token(UOS),0.00006386
0x1d84a70ad150d23e8c74f04af8582715d640a6b443d7b78e40626b7385e7ef03,Success,ERC-20,Transfer,Transfer,22470330,23 days ago,0xe072085568bf4FC339E2FAdef56730982411F1C5, ,0xca5fef2a6ddff242f602a644ecc00ab42ffbbc26,Ultra Treasury (50M+),"5,082.17",$261.77,Ultra Token(UOS),0.00006477
0xf4ca1286a137bbbe99917464bc35d47c8aee30e8b2041f1895b5e49632144b71,Success,ERC-20,Transfer,Transfer,22470327,23 days ago,0x4F6795ce2Cd1CDB10d39602D8299a2e6375536e3, ,0xca5fef2a6ddff242f602a644ecc00ab42ffbbc26,Ultra Treasury (50M+),"33,646.60","$1,733.04",Ultra Token(UOS),0.00006012
0x1264d9ceef6381912d387a462a644f2cffb9b5ce56bfcfd16bdeee8c2a9b2bef,Success,ERC-20,Transfer,Transfer,22469180,23 days ago,0x4F6795ce2Cd1CDB10d39602D8299a2e6375536e3, ,0xca5fef2a6ddff242f602a644ecc00ab42ffbbc26,Ultra Treasury (50M+),"88,281.93","$4,547.14",Ultra Token(UOS),0.00030514
0xfc445fcae003effbb9a15737fd9fbd4c30d562bc30115331a53c4fe147690352,Success,ERC-20,Transfer,Transfer,22469170,23 days ago,0x5a67d66aF2E0D21A262dB565a802cFB0c80394bE, ,0xca5fef2a6ddff242f602a644ecc00ab42ffbbc26,Ultra Treasury (50M+),"49,420.86","$2,545.52",Ultra Token(UOS),0.0003642
0xfb57052afec80e4faaea983461fae1c74c8d76f434b6854ed346e771818d13d5,Success,ERC-20,Transfer,Transfer,22469166,23 days ago,0xFCf4d66E2f827a364bf128BA102FbcEc237d8003, ,0xca5fef2a6ddff242f602a644ecc00ab42ffbbc26,Ultra Treasury (50M+),"49,975.02","$2,574.06",Ultra Token(UOS),0.00037324
0xafac76847b3eb030d0aef9befe43a167e9487b79de22f987cd357f5b70675fc1,Success,ERC-20,Transfer,Transfer,22467992,23 days ago,0xe072085568bf4FC339E2FAdef56730982411F1C5, ,0xca5fef2a6ddff242f602a644ecc00ab42ffbbc26,Ultra Treasury (50M+),"27,719.05","$1,427.73",Ultra Token(UOS),0.0004235
0x2c999cf7b13840136136ff56e9bb384eabfc956c2832be6ccfe23827b9fa4448,Success,ERC-20,Transfer,Transfer,22466808,24 days ago,0x9f9e47667B5C69321d89C926D51FEe72Bc872534, ,0xca5fef2a6ddff242f602a644ecc00ab42ffbbc26,Ultra Treasury (50M+),"29,790.35","$1,534.41",Ultra Token(UOS),0.00017762
0x44b3a92c18c8233e573ea9fe4249d9ffe5fe489b89685ac2e5e1025b4d33b928,Success,ERC-20,Transfer,Transfer,22466798,24 days ago,0xb7ed1677BFCDDe6e06C84be533745e3D3830B1F3, ,0xca5fef2a6ddff242f602a644ecc00ab42ffbbc26,Ultra Treasury (50M+),"19,943.66","$1,027.24",Ultra Token(UOS),0.00017402
0x91f48f650c942af99e7efe950e9de7fc5a77979e23480cd8957ca343c63d228a,Success,ERC-20,Transfer,Transfer,22466798,24 days ago,0x719D1fFbc61Be833513348523fbC63694ee2d790, ,0xca5fef2a6ddff242f602a644ecc00ab42ffbbc26,Ultra Treasury (50M+),"19,984.93","$1,029.36",Ultra Token(UOS),0.00017402
0xe003e572447705d4a018dbe3df945d51167762f3b087e9568e7ccb83982cc5c5,Success,ERC-20,Transfer,Transfer,22466794,24 days ago,0xe2b31fF1aBd86AA91173a1e84f0f5359CE3a5C72, ,0xca5fef2a6ddff242f602a644ecc00ab42ffbbc26,Ultra Treasury (50M+),"118,986","$6,128.61",Ultra Token(UOS),0.00017956
0x31d8ed7625c480f134faae45a76452f434686fc46224fadce125de7ca43d4d2e,Success,ERC-20,Transfer,Transfer,22466793,24 days ago,0x5Ef071Ea0863F4983B187803De7A86D218B45E58, ,0xca5fef2a6ddff242f602a644ecc00ab42ffbbc26,Ultra Treasury (50M+),"36,038.24","$1,856.22",Ultra Token(UOS),0.00017599
0xe877f4511e3a8396ff440d592677ed1c5994554fc233fec566e7a0e7a39e2b34,Success,ERC-20,Transfer,Transfer,22466790,24 days ago,0xe072085568bf4FC339E2FAdef56730982411F1C5, ,0xca5fef2a6ddff242f602a644ecc00ab42ffbbc26,Ultra Treasury (50M+),"47,670.19","$2,455.35",Ultra Token(UOS),0.00017488
0x732bc0bfa939d333f81ca1170d0708f346113f399db10ad4b84958516d7576ad,Success,ERC-20,Transfer,Transfer,22466788,24 days ago,0xb4669b10d923c2d141f2eccf382bbe06ceedf82b, Bithumb Treasury Routing Wallet,0xca5fef2a6ddff242f602a644ecc00ab42ffbbc26,Ultra Treasury (50M+),"121,875.19","$6,277.43",Ultra Token(UOS),0.00018682
0x76a07ffd65b9bedd05a4ed92a13b9fc95e9f2d56cf1f2a0df7287de31e60570c,Success,ERC-20,Transfer,Transfer,22466786,24 days ago,0x7404eB4c15ca6AB04c6f61baac634C8c34C8E09E, ,0xca5fef2a6ddff242f602a644ecc00ab42ffbbc26,Ultra Treasury (50M+),"40,396.71","$2,080.71",Ultra Token(UOS),0.00019095
0x6bb1fc43eea5be1e36ca96a7840acd372d8520ca3878bd0c691276954d0d0881,Success,ERC-20,Transfer,Transfer,22465610,24 days ago,0xe2b31fF1aBd86AA91173a1e84f0f5359CE3a5C72, ,0xca5fef2a6ddff242f602a644ecc00ab42ffbbc26,Ultra Treasury (50M+),"108,790","$5,603.45",Ultra Token(UOS),0.00014364
0xa74ab1601922ace75cc72d200c14fed316c85df616c86c48bd1b76ae9848741b,Success,ERC-20,Transfer,Transfer,22465597,24 days ago,0xb7ed1677BFCDDe6e06C84be533745e3D3830B1F3, ,0xca5fef2a6ddff242f602a644ecc00ab42ffbbc26,Ultra Treasury (50M+),"5,787.14",$298.08,Ultra Token(UOS),0.00011048
0xd66f40787b145f15b75c814e31629d12040cc60a51f8be675f4b91743415c4f3,Success,ERC-20,Transfer,Transfer,22465596,24 days ago,0xb4669b10d923c2d141f2eccf382bbe06ceedf82b, Bithumb Treasury Routing Wallet,0xca5fef2a6ddff242f602a644ecc00ab42ffbbc26,Ultra Treasury (50M+),"43,697.72","$2,250.74",Ultra Token(UOS),0.00010239
0x4cb8ae22c63a79a9b96abd3daa770b804b2ff7d3eb5a9b2495a8f90ae4cbb73d,Success,ERC-20,Transfer,Transfer,22465591,24 days ago,0x628758f7a97eba5d83f21a4f11e2550976007706, Bithumb Routing Wallet #3,0xca5fef2a6ddff242f602a644ecc00ab42ffbbc26,Ultra Treasury (50M+),"77,228.66","$3,977.82",Ultra Token(UOS),0.00009491
0x8d2105954fcc1220df82c1f88111b4d988c2169fedeff1dae7d0788964645763,Success,ERC-20,Transfer,Transfer,22465590,24 days ago,0xe072085568bf4FC339E2FAdef56730982411F1C5, ,0xca5fef2a6ddff242f602a644ecc00ab42ffbbc26,Ultra Treasury (50M+),"43,674.71","$2,249.55",Ultra Token(UOS),0.00008928
0x466016f8408b9a54b1e4018c3407c7a21d7f9060d073387efacca54c47ab9964,Success,ERC-20,Transfer,Transfer,22463221,24 days ago,0xb4669b10d923c2d141f2eccf382bbe06ceedf82b, Bithumb Treasury Routing Wallet,0xca5fef2a6ddff242f602a644ecc00ab42ffbbc26,Ultra Treasury (50M+),"51,920.70","$2,674.28",Ultra Token(UOS),0.00006585
0xd53fa877b408dec96a41ecaa463af5f3a738102da61e77ffd33912e240c91dbf,Success,ERC-20,Transfer,Transfer,22462077,24 days ago,0x8E002073e706A2A6BD1949bfd17587D10D713896, ,0xca5fef2a6ddff242f602a644ecc00ab42ffbbc26,Ultra Treasury (50M+),"22,041.30","$1,135.28",Ultra Token(UOS),0.00013009
0xd1c4e890a2ae2b8d7200b014345b8bfea5d8c2b9b330213f4cf8c9556caa3b55,Success,ERC-20,Transfer,Transfer,22462073,24 days ago,0xFCf4d66E2f827a364bf128BA102FbcEc237d8003, ,0xca5fef2a6ddff242f602a644ecc00ab42ffbbc26,Ultra Treasury (50M+),"49,978","$2,574.22",Ultra Token(UOS),0.00013867
0x619748a6543a566e8fcd086a325f4fbb2b5a4c0bc97a46783b3f79cca5032e6e,Success,ERC-20,Transfer,Transfer,22462072,24 days ago,0x0BD49B44bD9A4Db9cB25b5564661Fa1032fF1290, ,0xca5fef2a6ddff242f602a644ecc00ab42ffbbc26,Ultra Treasury (50M+),"90,754.02","$4,674.47",Ultra Token(UOS),0.00013075
0xf830d0ba76c1b4f706ed2c3e25f7976c68bedf009a87e58d7b833751320ed36a,Success,ERC-20,Transfer,Transfer,22462072,24 days ago,0xdd83e1460fb4f50eab1fe50513374b3649c42f1a, Bithumb Treasury Routing Wallet #2,0xca5fef2a6ddff242f602a644ecc00ab42ffbbc26,Ultra Treasury (50M+),"12,535.14",$645.65,Ultra Token(UOS),0.00013075
0x2ed997b5a27c9541bf89f06cc6733842b289a00adeedbc6b4ba850304078cc99,Success,ERC-20,Transfer,Transfer,22462072,24 days ago,0x6Edd04575c5A298c600AbB02c0240f805C637AF9, ,0xca5fef2a6ddff242f602a644ecc00ab42ffbbc26,Ultra Treasury (50M+),"29,252.85","$1,506.73",Ultra Token(UOS),0.00013075
0x33cad063a2033d02205f3010ffc358dccc1e4e3cdc032b2987a9ee5242854cde,Success,ERC-20,Transfer,Transfer,22462072,24 days ago,0x22913eD9413Ec338E15673004B03EfFB9efEa731, ,0xca5fef2a6ddff242f602a644ecc00ab42ffbbc26,Ultra Treasury (50M+),"87,696.85","$4,517.00",Ultra Token(UOS),0.00013075
0x114b50ec9d7cd71928261ffff59fe2091bd09169c9646ba2923ceb3828902de0,Success,ERC-20,Transfer,Transfer,22462070,24 days ago,0x7404eB4c15ca6AB04c6f61baac634C8c34C8E09E, ,0xca5fef2a6ddff242f602a644ecc00ab42ffbbc26,Ultra Treasury (50M+),"42,182.98","$2,172.72",Ultra Token(UOS),0.00013783
0x4483475e51c277fb3501faf248924337532afb5cd1d8079105757a005d726aa5,Success,ERC-20,Transfer,Transfer,22462068,24 days ago,0xA4F92722759F511190DffB25BE2603db22136A05, ,0xca5fef2a6ddff242f602a644ecc00ab42ffbbc26,Ultra Treasury (50M+),"163,481.59","$8,420.45",Ultra Token(UOS),0.00013628
0x1d954bbdcad38da92be7d9cd214d65a1876efa5a50d4a8e9fb9ef325a12b62ad,Success,ERC-20,Transfer,Transfer,22462067,24 days ago,0xb7ed1677BFCDDe6e06C84be533745e3D3830B1F3, ,0xca5fef2a6ddff242f602a644ecc00ab42ffbbc26,Ultra Treasury (50M+),"20,751.00","$1,068.82",Ultra Token(UOS),0.00013663
0xaa0b76c0d6c0a3f07a184a0be1dd9b9ea4d43ca23127a6f6d5b9f696c3022650,Success,ERC-20,Transfer,Transfer,22462062,24 days ago,0x4F6795ce2Cd1CDB10d39602D8299a2e6375536e3, ,0xca5fef2a6ddff242f602a644ecc00ab42ffbbc26,Ultra Treasury (50M+),"78,174.08","$4,026.51",Ultra Token(UOS),0.00014152
0x73d2d54317b7db1ff564e2dff2a84499efb03cf3b3a59f3bc467ae3f31653c9d,Success,ERC-20,Transfer,Transfer,22462062,24 days ago,0xe072085568bf4FC339E2FAdef56730982411F1C5, ,0xca5fef2a6ddff242f602a644ecc00ab42ffbbc26,Ultra Treasury (50M+),"73,528.47","$3,787.23",Ultra Token(UOS),0.00014152
0x6e26b7e261be49951402a9ddf717a3d9b935cde0fc9105ca07eeb98ceec9750e,Success,ERC-20,Transfer,Transfer,22462060,24 days ago,0xe7884EE779A07f7d9F444b43bCd70ff4F54df67d, ,0xca5fef2a6ddff242f602a644ecc00ab42ffbbc26,Ultra Treasury (50M+),"13,929.84",$717.48,Ultra Token(UOS),0.00013465
0xf1a27e04886fb91cc179269eaaa4c4bb1f20ac6e7f2ab01897f0cf73686ac60d,Success,ERC-20,Transfer,Transfer,22462052,24 days ago,0xb4669b10d923c2d141f2eccf382bbe06ceedf82b, Bithumb Treasury Routing Wallet,0xca5fef2a6ddff242f602a644ecc00ab42ffbbc26,Ultra Treasury (50M+),"307,869.37","$15,857.43",Ultra Token(UOS),0.00014882
0x1e94e2a0a1e6c660bd5b416d0fb1f845fa994e1fb8b6e6f838fece90b71fff28,Success,ERC-20,Transfer,Transfer,22462052,24 days ago,0x15bA20E2b5fD117ca2dbD8D94c07f037e5eb3364, ,0xca5fef2a6ddff242f602a644ecc00ab42ffbbc26,Ultra Treasury (50M+),"297,729.76","$15,335.17",Ultra Token(UOS),0.00014882
0x3cf76afd3d860761115563a593a09c0906eb8121aea347e907ed233186dad7ed,Success,ERC-20,Transfer,Transfer,22458504,25 days ago,0xe072085568bf4FC339E2FAdef56730982411F1C5, ,0xca5fef2a6ddff242f602a644ecc00ab42ffbbc26,Ultra Treasury (50M+),"109,782.86","$5,654.59",Ultra Token(UOS),0.00011897
0xa25ffd91266fe5d055e639425ec11f4fce29cb23969014c61e16dd93d803d42e,Success,ERC-20,Transfer,Transfer,22454945,25 days ago,0x9f9e47667B5C69321d89C926D51FEe72Bc872534, ,0xca5fef2a6ddff242f602a644ecc00ab42ffbbc26,Ultra Treasury (50M+),"50,798.81","$2,616.49",Ultra Token(UOS),0.00017749
0x9fcfcb2dd618a4f922d0be6a8212ab437eda53682ee504c90344397e1849ba97,Success,ERC-20,Transfer,Transfer,22451386,26 days ago,0x8cB5704FFA5542a29F98b66614d8022ddbc68A17, ,0xca5fef2a6ddff242f602a644ecc00ab42ffbbc26,Ultra Treasury (50M+),"81,747.59","$4,210.57",Ultra Token(UOS),0.00010457
0x392dfcdd187ab2475294f1a7b53e00167a259165f876987ce45cc321c292fb30,Success,ERC-20,Transfer,Transfer,22451385,26 days ago,0x5bc838154d7FF270127c1e1b9c53e9111033Fa0B, ,0xca5fef2a6ddff242f602a644ecc00ab42ffbbc26,Ultra Treasury (50M+),"32,177.68","$1,657.38",Ultra Token(UOS),0.00010569
0xc8d92a8b6290236d0e4e0e96854d3289edcd0acb42e3819baf12953266b09d02,Success,ERC-20,Transfer,Transfer,22451385,26 days ago,0xb7ed1677BFCDDe6e06C84be533745e3D3830B1F3, ,0xca5fef2a6ddff242f602a644ecc00ab42ffbbc26,Ultra Treasury (50M+),"7,897.43",$406.77,Ultra Token(UOS),0.00010569
0x19b020666954e2f08d4638b7dddfe0f423cb51bc1407242c3a9bc28ed1e54cc1,Success,ERC-20,Transfer,Transfer,22451373,26 days ago,0xb4669b10d923c2d141f2eccf382bbe06ceedf82b, Bithumb Treasury Routing Wallet,0xca5fef2a6ddff242f602a644ecc00ab42ffbbc26,Ultra Treasury (50M+),"92,741.83","$4,776.85",Ultra Token(UOS),0.00011577
0x839204c29f223bd3891b5b27f0289db62a558ead6481c7c6b6f880677c22d9c0,Success,ERC-20,Transfer,Transfer,22447874,26 days ago,0x322eE13b482fd7Cbc1D785b7d785f170CE4d338B, ,0xca5fef2a6ddff242f602a644ecc00ab42ffbbc26,Ultra Treasury (50M+),"49,437.42","$2,546.37",Ultra Token(UOS),0.00009376
0x4dbc23fe3e181b953f8d8b2e467490e91267178c76af64a440b682e3e50b6642,Success,ERC-20,Transfer,Transfer,22447865,26 days ago,0xF71CBFdE2C4553361dDEd8Efd245400002692fC2, ,0xca5fef2a6ddff242f602a644ecc00ab42ffbbc26,Ultra Treasury (50M+),"46,194.42","$2,379.34",Ultra Token(UOS),0.00009751
0xa956426049a21f857a87783f4ee488d892ca9bf03a174945b7b96b3ac362724f,Success,ERC-20,Transfer,Transfer,22447864,26 days ago,0x6Edd04575c5A298c600AbB02c0240f805C637AF9, ,0xca5fef2a6ddff242f602a644ecc00ab42ffbbc26,Ultra Treasury (50M+),"17,328.04",$892.52,Ultra Token(UOS),0.00009883
0x63ed9e4dd46e98a513e084b614d7df2dab79f95e2eedb5fe1cd32db0e45d244c,Success,ERC-20,Transfer,Transfer,22447864,26 days ago,0xA4F92722759F511190DffB25BE2603db22136A05, ,0xca5fef2a6ddff242f602a644ecc00ab42ffbbc26,Ultra Treasury (50M+),"293,696.42","$15,127.42",Ultra Token(UOS),0.00009883
0x4d4905142cc66094f7a402cec297edfa81a781275097fb8abeace6d83fc01ff6,Success,ERC-20,Transfer,Transfer,22447862,26 days ago,0x4F6795ce2Cd1CDB10d39602D8299a2e6375536e3, ,0xca5fef2a6ddff242f602a644ecc00ab42ffbbc26,Ultra Treasury (50M+),"79,088.66","$4,073.62",Ultra Token(UOS),0.00009949
0xacc6d502651025aa96bba06643b9111779430e4f052a57d8d9360f0b6435028a,Success,ERC-20,Transfer,Transfer,22447860,26 days ago,0xb7ed1677BFCDDe6e06C84be533745e3D3830B1F3, ,0xca5fef2a6ddff242f602a644ecc00ab42ffbbc26,Ultra Treasury (50M+),"3,373.46",$173.76,Ultra Token(UOS),0.00010375
0x55932bf4acf8193159c5731fc5836ad58acb9615c8f29006f8124e488a759a48,Success,ERC-20,Transfer,Transfer,22447859,26 days ago,0x0DF433e890793b488C13d18F5d113Cf194ddF7Ec, ,0xca5fef2a6ddff242f602a644ecc00ab42ffbbc26,Ultra Treasury (50M+),"62,302.51","$3,209.02",Ultra Token(UOS),0.00010181
0xfcd6a75e610d505975e1eb9aa0ba9d112db219801c5ad9af27ef1ae80335b5d9,Success,ERC-20,Transfer,Transfer,22447857,26 days ago,0x2eDC51b333091D0617A3d80A4f98132E74d815eF, ,0xca5fef2a6ddff242f602a644ecc00ab42ffbbc26,Ultra Treasury (50M+),"84,058.24","$4,329.59",Ultra Token(UOS),0.00009204
0x3d4fc31fe87b920a5f5d3fc06f4c4d019de26a2861349675acab50b717376f7f,Success,ERC-20,Transfer,Transfer,22447854,26 days ago,0x22913eD9413Ec338E15673004B03EfFB9efEa731, ,0xca5fef2a6ddff242f602a644ecc00ab42ffbbc26,Ultra Treasury (50M+),"32,871.96","$1,693.14",Ultra Token(UOS),0.00009701
